{
  "best_model": "Gradient Boosting",
  "results": {
    "Linear Regression": {
      "rmse": 174741.13521567176,
      "mae": 95100.46574898911,
      "r2": 0.75032891094619
    },
    "Random Forest": {
      "rmse": 123019.83246127843,
      "mae": 66241.10196272582,
      "r2": 0.8762548425757686
    },
    "Gradient Boosting": {
      "rmse": 105930.33952462093,
      "mae": 61938.444918000794,
      "r2": 0.9082473368631805
    },
    "XGBoost": {
      "rmse": 106108.2191015383,
      "mae": 61599.92407458324,
      "r2": 0.9079389336592311
    }
  },
  "log_transform": true,
  "cv_rmse_log": 0.16080861817708847
}