{
  "best_model": "Gradient Boosting",
  "results": {
    "Linear Regression": {
      "rmse": 20614.89494056708,
      "mae": 15157.980332343614,
      "r2": 0.9140549814975438
    },
    "Random Forest": {
      "rmse": 20958.569183967877,
      "mae": 14706.042424660687,
      "r2": 0.9111654884308691
    },
    "Gradient Boosting": {
      "rmse": 20092.52416273258,
      "mae": 14442.271460559967,
      "r2": 0.9183554017661156
    }
  }
}