{
  "best_model": "Gradient Boosting",
  "results": {
    "Linear Regression": {
      "rmse": 20054.957359365195,
      "mae": 14231.350582084331,
      "r2": 0.9186604166317642
    },
    "Random Forest": {
      "rmse": 20698.739986361725,
      "mae": 14618.162217185589,
      "r2": 0.9133544474118634
    },
    "Gradient Boosting": {
      "rmse": 19222.353942771497,
      "mae": 13646.587004471556,
      "r2": 0.9252740238289312
    }
  },
  "log_transform": true
}