{
  "best_model": "Gradient Boosting",
  "results": {
    "Linear Regression": {
      "rmse": 175700.12718678854,
      "mae": 95395.64014250506,
      "r2": 0.7475809651789314
    },
    "Random Forest": {
      "rmse": 123124.93684740798,
      "mae": 66216.71207392788,
      "r2": 0.8760433040851107
    },
    "Gradient Boosting": {
      "rmse": 104996.18636922502,
      "mae": 61542.85821383074,
      "r2": 0.9098584544363711
    },
    "XGBoost": {
      "rmse": 106760.930515018,
      "mae": 61807.25717758742,
      "r2": 0.9068028458957273
    }
  },
  "log_transform": true,
  "cv_rmse_log": 0.16310556567835227
}