{
  "best_model": "Gradient Boosting",
  "results": {
    "Linear Regression": {
      "rmse": 23831.495403594483,
      "mae": 15427.253733964004,
      "r2": 0.8851420535511488
    },
    "Random Forest": {
      "rmse": 20355.099935378938,
      "mae": 14384.516230644114,
      "r2": 0.9162075409954689
    },
    "Gradient Boosting": {
      "rmse": 19068.293824676148,
      "mae": 13475.848926784673,
      "r2": 0.9264670264492706
    },
    "XGBoost": {
      "rmse": 19593.294361540036,
      "mae": 13735.602597696692,
      "r2": 0.9223621707399589
    }
  },
  "log_transform": true,
  "cv_rmse_log": 0.11233168869250351
}